Agent Reraid,Promoter Name,Project Name
A51900013862,OBEROI EXQUISITE,OBEROI EXQUISITE
A51900013631,na,na
A51900013938,Raj Shivganga,Raj Shivganga
A51900013652,na,na
A51900021101,na,na
A51900014131,JATIA HOUSE,JATIA HOUSE
A51900013617,na,na
A51900013735,na,na
A51900013892,LODHA PALAWA,LODHA PALAWA
A51900013921,HARBOUR HEIGHTS,HARBOUR HEIGHTS
A51900013865,HARBOUR HEIGHTS,HARBOUR HEIGHTS
A51900013804,na,na
A51900001040,HARBOUR HEIGHTS,HARBOUR HEIGHTS
A51900000633,Solitare Estates,Solitare Estates
A51900000583,HARBOUR HEIGHTS,HARBOUR HEIGHTS
A51900000552,na,na
A51900000802,ASHOKA DEVELOPERS,ASHOKA DEVELOPERS
A51900000562,Sisodiya investment,Sisodiya investment
A51900000484,Imperial Heights,Imperial Heights
A51900000569,na,na
A51900003649,na,na
A51900005808,OBEROI EXQUISITE,OBEROI EXQUISITE
A51900000588,na,na
A51900006027,Raj Shivganga,Raj Shivganga
A51900012135,na,na
A51900009720,na,na
A51900001331,JATIA HOUSE,JATIA HOUSE
A51900000678,na,na
A51900002856,na,na
A51900007966,LODHA PALAWA,LODHA PALAWA
A51900001109,HARBOUR HEIGHTS,HARBOUR HEIGHTS
A51900000898,HARBOUR HEIGHTS,HARBOUR HEIGHTS
A51900000980,na,na
A51900000653,HARBOUR HEIGHTS,HARBOUR HEIGHTS
A51900000669,Solitare Estates,Solitare Estates
A51900000806,HARBOUR HEIGHTS,HARBOUR HEIGHTS
A51900001195,na,na
A51900001313,ASHOKA DEVELOPERS,ASHOKA DEVELOPERS
A51900000741,Sisodiya investment,Sisodiya investment
A51900002423,Imperial Heights,Imperial Heights
A51900000680,na,na
A51900000799,na,na
A51900000615,OBEROI EXQUISITE,OBEROI EXQUISITE
A51900002090,na,na
A51900000608,Raj Shivganga,Raj Shivganga
A51900007392,na,na
A51900000777,na,na
A51900000915,JATIA HOUSE,JATIA HOUSE
A51900000931,na,na
A51900002677,na,na
A51900000780,LODHA PALAWA,LODHA PALAWA
A51900003032,HARBOUR HEIGHTS,HARBOUR HEIGHTS
A51900000694,HARBOUR HEIGHTS,HARBOUR HEIGHTS
A51900002249,na,na
A51900000624,HARBOUR HEIGHTS,HARBOUR HEIGHTS
A51900001319,Solitare Estates,Solitare Estates
A51900000707,HARBOUR HEIGHTS,HARBOUR HEIGHTS
A51900002874,na,na
A51900003709,ASHOKA DEVELOPERS,ASHOKA DEVELOPERS
A51900005901,Sisodiya investment,Sisodiya investment
A51900000759,Imperial Heights,Imperial Heights
A51900001165,na,na
A51900003368,na,na
A51900001082,OBEROI EXQUISITE,OBEROI EXQUISITE
A51900000773,na,na
A51900000936,Raj Shivganga,Raj Shivganga
A51900006530,na,na
A51900000108,na,na
A51900002344,JATIA HOUSE,JATIA HOUSE
A51900008483,na,na
A51900002523,na,na
A51900000851,LODHA PALAWA,LODHA PALAWA
A51900001123,HARBOUR HEIGHTS,HARBOUR HEIGHTS
A51900001157,HARBOUR HEIGHTS,HARBOUR HEIGHTS
A51900002959,na,na
A51900002162,HARBOUR HEIGHTS,HARBOUR HEIGHTS
A51900001544,Solitare Estates,Solitare Estates
A51900005457,HARBOUR HEIGHTS,HARBOUR HEIGHTS
A51900000861,na,na
A51900001374,ASHOKA DEVELOPERS,ASHOKA DEVELOPERS
A51900002261,Sisodiya investment,Sisodiya investment
A51900001034,Imperial Heights,Imperial Heights
A51900000227,na,na
A51900000828,na,na
A51900000839,ROHANLIFESCAPES,ROHANLIFESCAPESResidential
A51900000995,SatraProperty,DreamsTheCommercial
A51900000080,LODHAGROUP,NEWCUFFEResidential
A51900001401,EnergyLTD,AshokGardensSwan
A51900003469,OBEROIREALTY,OBEROISKYResidential
A51900002458,NISHANTAGARWAL,ONEAVIGHNAResidential
A51900006003,ManishAgarwal,"TheHive,Commercial"
A51900002371,PVTLTD,CELISTIASPACESPENENSULA
A51900001442,ROHANLIFESCAPES,ROHANLIFESCAPESResidential
A51900000832,SatraProperty,DreamsTheCommercial
A51900002104,LODHAGROUP,NEWCUFFEResidential
A51900000997,EnergyLTD,AshokGardensSwan
A51900001583,OBEROIREALTY,OBEROISKYResidential
A51900000996,NISHANTAGARWAL,ONEAVIGHNAResidential
A51900000836,ManishAgarwal,"TheHive,Commercial"
A51900001244,PVTLTD,CELISTIASPACESPENENSULA
A51900000879,ROHANLIFESCAPES,ROHANLIFESCAPESResidential
A51900000865,SatraProperty,DreamsTheCommercial
A51900001013,LODHAGROUP,NEWCUFFEResidential
A51900001089,EnergyLTD,AshokGardensSwan
A51900012428,OBEROIREALTY,OBEROISKYResidential
A51900000969,NISHANTAGARWAL,ONEAVIGHNAResidential
A51900001032,ManishAgarwal,"TheHive,Commercial"
A51900000975,PVTLTD,CELISTIASPACESPENENSULA
A51900004611,ROHANLIFESCAPES,ROHANLIFESCAPESResidential
A51900003001,SatraProperty,DreamsTheCommercial
A51900000079,LODHAGROUP,NEWCUFFEResidential
A51900003549,EnergyLTD,AshokGardensSwan
A51900001940,OBEROIREALTY,OBEROISKYResidential
A51900007512,NISHANTAGARWAL,ONEAVIGHNAResidential
A51900003323,ManishAgarwal,"TheHive,Commercial"
A51900008039,PVTLTD,CELISTIASPACESPENENSULA
